	MT	6	0	0.5	53
	MT	8	0	0.5	53
	MT	12	0	1.0	53
	MT	15	0	1.0	53
	MT	17	0	0.5	53
	MT	19	0	0.5	53
	MT	21	0	0.5	53
	MT	27	0	1.0	53
	MT	29	0	1.5	53
	MT	30	0	1.0	52
	MT	33	0	0.5	51
	MT	35	0	1.0	52
	MT	38	0	0.5	53
	MT	40	0	0.5	53
	MT	41	0	0.5	52
	MT	43	0	0.5	50
	MT	45	0	2.0	53
	MT	46	0	0.5	53
	MT	51	0	0.5	51
	MT	53	0	1.5	53
	MT	54	0	0.5	53
	MT	56	0	0.5	52
	MT	60	0	0.5	53
	MT	61	0	0.5	53
	MT	62	0	1.0	53
	MT	63	0	1.5	53
	MT	64	0	1.0	52
	MT	72	0	0.5	51
	MT	73	0	1.0	53
	MT	74	0	2.0	52
	MT	76	0	0.5	53
	MT	83	0	1.0	53
	MT	84	0	1.5	53
	MT	92	0	1.0	53
	MT	95	0	1.5	53
	MT	96	1	0.5	53
	MT	97	0	1.0	53
	MT	99	0	0.5	53
	MT	100	0	1.5	53
	MT	101	0	1.0	52
	MT	104	0	0.5	52
	MT	107	0	0.5	53
	MT	108	0	0.5	52
	MT	110	0	1.5	53
	MT	111	0	2.5	53
	MT	112	0	0.5	53
	MT	116	0	0.5	53
	MT	120	0	2.0	53
	MT	122	0	0.5	53
	MT	124	0	1.0	52
	MT	124	1	1.0	52
	MT	125	0	0.5	53
	MT	130	0	1.5	53
	MT	132	0	1.0	51
	MT	133	0	0.5	53
	MT	138	0	0.5	53
	MT	139	0	0.5	52
	MT	140	0	0.5	53
	MT	144	1	2.0	53
	MT	146	1	1.0	53
	MT	150	1	0.5	51
	MT	157	1	2.0	53
	MT	167	1	1.0	52
	MT	173	1	0.5	53
	MT	175	1	0.5	53
	MT	181	1	1.0	52
	MT	187	1	0.5	52
	MT	188	1	0.5	53
	MT	189	1	1.0	53
	MT	191	1	1.5	52
	MT	193	1	0.5	51
	MT	196	0	1.0	52
	MT	199	0	1.0	53
	MT	202	0	0.5	53
	MT	203	0	1.0	53
	MT	204	0	0.5	53
	MT	205	0	1.0	52
	MT	207	0	0.5	52
	MT	213	0	1.0	53
	MT	217	0	0.5	53
	MT	219	0	2.0	53
	MT	223	0	1.0	51
	MT	224	0	1.0	50
	MT	226	0	1.0	52
	MT	246	1	2.0	50
	MT	247	1	1.0	51
	MT	248	1	1.0	52
	MT	249	1	0.5	53
	MT	251	1	0.5	52
	MT	253	1	2.5	53
	MT	254	0	0.5	53
	MT	254	1	1.5	53
	MT	255	1	0.5	53
	MT	260	1	0.5	52
	MT	261	1	1.0	52
	MT	263	1	0.5	53
	MT	264	1	2.0	52
	MT	266	1	2.0	53
	MT	268	1	0.5	52
	MT	270	1	0.5	53
	MT	271	1	1.5	53
	MT	273	1	1.0	53
	MT	274	1	1.0	51
	MT	275	1	1.5	52
	MT	276	1	1.5	52
	MT	278	1	0.5	52
	MT	280	1	0.5	53
	MT	287	1	0.5	53
	MT	293	1	1.0	53
	MT	295	1	2.5	53
	MT	296	1	0.5	53
	MT	298	1	0.5	52
	MT	299	1	1.0	53
	MT	302	1	1.0	52
	MT	303	1	0.5	53
	MT	305	1	1.5	51
	MT	307	1	1.5	53
	MT	311	1	0.5	53
	MT	314	0	0.5	51
	MT	330	0	1.5	53
	MT	344	0	0.5	52
	MT	348	0	0.5	53
	MT	349	0	1.0	53
	MT	355	1	0.5	53
	MT	358	1	0.5	53
	MT	361	1	0.5	52
	MT	362	0	1.0	53
	MT	364	1	0.5	53
	MT	367	0	0.5	52
	MT	368	0	1.0	53
	MT	371	1	0.5	50
	MT	374	1	0.5	53
	MT	379	1	0.5	53
	MT	386	0	0.5	53
	MT	387	1	0.5	53
	MT	392	1	0.5	53
	MT	396	1	0.5	50
	MT	403	1	1.0	53
	MT	408	1	0.5	53
	MT	411	1	0.5	52
	MT	411	1	2.0	53
	MT	415	1	1.0	53
	MT	420	1	1.0	53
	MT	424	0	1.0	53
	MT	426	1	1.0	53
	MT	427	0	1.0	52
	MT	431	1	0.5	53
	MT	436	1	0.5	53
	MT	438	1	0.5	53
	MT	449	1	1.0	53
	MT	461	1	0.5	53
	MT	464	1	0.5	53
	MT	466	1	0.5	52
	MT	470	1	0.5	53
	MT	491	1	0.5	53
	MT	504	1	0.5	52
	MT	511	1	1.0	51
	MT	512	1	0.5	52
	MT	520	1	1.0	53
	MT	524	1	1.0	53
	MT	541	0	1.0	53
	MT	553	0	0.5	53
	MT	626	0	0.5	53
	MT	628	0	1.0	53
	MT	631	1	0.5	52
	MT	642	1	0.5	53
	MT	646	0	1.0	53
	MT	648	1	0.5	52
	MT	699	0	0.5	52
	MT	706	0	1.0	53
	MT	716	0	0.5	52
	MT	716	0	0.5	53
	MT	727	0	0.5	53
	MT	741	0	0.5	53
	MT	754	0	1.0	53
	MT	763	0	1.0	53
	MT	768	0	0.5	51
	MT	768	1	0.5	52
	MT	776	0	0.5	53
	MT	785	1	1.0	52
	MT	786	1	1.0	53
	MT	787	0	0.5	52
	MT	790	0	0.5	53
	MT	813	0	0.5	52
	MT	823	1	1.0	53
	MT	831	0	0.5	53
	MT	837	0	0.5	53
	MT	849	0	0.5	53
	MT	858	1	0.5	53
	MT	862	1	0.5	53
	MT	868	1	1.0	53
	MT	873	0	1.5	53
	MT	891	0	1.0	51
	MT	892	0	1.0	53
	MT	892	1	1.0	53
	MT	896	1	0.5	53
	MT	903	1	1.0	53
	MT	925	0	0.5	52
	MT	928	1	0.5	52
	MT	939	0	1.0	53
	MT	954	0	0.5	53
	MT	956	1	0.5	53
	MT	957	1	1.0	53
	MT	959	1	0.5	53
	MT	960	1	0.5	53
	MT	963	1	1.0	52
	MT	993	0	1.0	53
	MT	1001	0	1.0	52
	MT	1021	1	1.0	53
	MT	1023	1	1.5	53
	MT	1037	1	0.5	52
	MT	1044	0	0.5	52
	MT	1046	0	0.5	53
	MT	1057	0	0.5	52
	MT	1057	1	0.5	52
	MT	1069	1	0.5	53
	MT	1075	0	0.5	52
	MT	1101	1	1.0	53
	MT	1105	1	1.0	53
	MT	1129	0	0.5	53
	MT	1138	0	0.5	53
	MT	1151	1	0.5	53
	MT	1163	1	0.5	53
	MT	1193	1	0.5	53
	MT	1197	0	0.5	53
	MT	1210	0	1.0	53
	MT	1212	1	0.5	53
	MT	1226	1	1.0	52
	MT	1241	1	0.5	52
	MT	1253	0	1.5	52
	MT	1258	1	0.5	53
	MT	1269	1	0.5	53
	MT	1270	0	1.0	53
	MT	1282	0	1.0	53
	MT	1293	1	0.5	53
	MT	1296	1	0.5	51
	MT	1311	0	0.5	53
	MT	1314	0	0.5	53
	MT	1323	1	0.5	53
	MT	1327	0	0.5	52
	MT	1331	0	0.5	52
	MT	1332	0	1.5	52
	MT	1340	1	1.0	53
	MT	1378	0	0.5	52
	MT	1389	1	1.5	52
	MT	1409	1	1.0	53
	MT	1432	1	1.0	53
	MT	1440	1	0.5	53
	MT	1447	0	0.5	53
	MT	1454	1	0.5	53
	MT	1497	1	0.5	53
	MT	1513	0	1.0	52
	MT	1519	0	0.5	53
	MT	1528	1	1.5	53
	MT	1534	0	1.0	51
	MT	1535	1	0.5	53
	MT	1564	0	0.5	52
	MT	1583	1	0.5	53
	MT	1591	0	0.5	52
	MT	1602	0	1.0	53
	MT	1613	1	0.5	53
	MT	1633	1	1.0	53
	MT	1636	0	1.0	52
	MT	1642	0	0.5	53
	MT	1643	0	1.0	53
	MT	1659	0	1.0	53
	MT	1685	0	1.0	52
	MT	1725	1	1.0	52
	MT	1728	0	0.5	53
	MT	1733	1	0.5	53
	MT	1748	0	0.5	53
	MT	1749	1	0.5	53
	MT	1756	0	0.5	52
	MT	1759	1	1.0	53
	MT	1766	1	0.5	53
	MT	1770	1	0.5	53
	MT	1810	1	1.0	52
	MT	1827	0	1.5	53
	MT	1832	1	1.5	52
	MT	1841	1	1.0	53
	MT	1859	1	1.0	52
	MT	1871	0	1.0	53
	MT	1876	1	0.5	52
	MT	1887	0	0.5	51
	MT	1888	0	0.5	50
	MT	1890	1	0.5	53
	MT	1979	1	1.0	53
	MT	1987	1	0.5	53
	MT	1992	0	0.5	52
	MT	1994	1	0.5	53
	MT	1999	0	1.0	52
	MT	2008	0	0.5	52
	MT	2021	1	1.0	53
	MT	2031	1	0.5	52
	MT	2045	0	0.5	52
	MT	2069	0	1.0	53
	MT	2102	0	0.5	52
	MT	2142	0	0.5	53
	MT	2158	1	1.0	53
	MT	2179	0	0.5	52
	MT	2182	1	1.0	53
	MT	2186	0	0.5	52
	MT	2213	0	0.5	52
	MT	2217	0	0.5	53
	MT	2224	1	0.5	53
	MT	2227	1	0.5	53
	MT	2249	1	0.5	53
	MT	2258	1	0.5	53
	MT	2269	0	1.5	52
	MT	2278	1	0.5	52
	MT	2311	1	0.5	53
	MT	2334	0	1.0	53
	MT	2348	1	0.5	52
	MT	2352	1	0.5	53
	MT	2377	1	0.5	50
	MT	2402	0	0.5	53
	MT	2413	0	0.5	53
	MT	2414	0	1.0	52
	MT	2443	0	1.5	53
	MT	2449	0	0.5	53
	MT	2464	1	1.0	53
	MT	2488	0	0.5	53
	MT	2496	1	0.5	53
	MT	2497	0	0.5	53
	MT	2515	1	1.0	53
	MT	2541	0	0.5	53
	MT	2566	0	1.0	53
	MT	2568	0	0.5	51
	MT	2574	1	1.0	52
	MT	2578	1	0.5	53
	MT	2592	1	0.5	53
	MT	2596	1	0.5	51
	MT	2598	1	1.5	53
	MT	2618	0	1.5	53
	MT	2622	0	1.0	53
	MT	2624	0	1.0	52
	MT	2627	0	0.5	53
	MT	2639	0	1.0	53
	MT	2652	1	1.0	53
	MT	2654	0	1.0	53
	MT	2665	0	1.0	50
	MT	2679	0	0.5	53
	MT	2688	1	0.5	53
	MT	2695	1	1.0	53
	MT	2747	0	0.5	53
	MT	2750	0	0.5	52
	MT	2765	0	1.0	53
	MT	2767	1	1.5	53
	MT	2768	0	1.0	52
	MT	2772	1	1.0	53
	MT	2798	1	1.0	52
	MT	2813	1	0.5	53
	MT	2819	1	1.0	53
	MT	2822	0	0.5	52
	MT	2829	1	0.5	53
	MT	2844	1	0.5	53
	MT	2846	1	0.5	51
	MT	2873	1	1.0	53
	MT	2883	1	1.0	53
	MT	2911	1	1.0	53
	MT	2914	1	0.5	51
	MT	2979	1	0.5	53
	MT	2989	0	0.5	53
	MT	3003	0	0.5	53
	MT	3006	1	1.0	51
	MT	3032	0	2.0	52
	MT	3035	0	1.0	53
	MT	3118	0	1.0	53
	MT	3120	0	2.0	53
	MT	3121	0	2.0	53
	MT	3126	0	0.5	53
	MT	3132	0	1.0	53
	MT	3135	0	1.0	53
	MT	3147	0	1.0	53
	MT	3151	0	0.5	52
	MT	3155	0	0.5	52
	MT	3164	0	0.5	53
	MT	3172	1	0.5	53
	MT	3180	0	1.5	53
	MT	3193	0	0.5	53
	MT	3210	1	0.5	53
	MT	3211	1	2.0	53
	MT	3215	0	0.5	52
	MT	3230	0	1.0	50
	MT	3232	0	0.5	53
	MT	3244	1	0.5	51
	MT	3245	0	1.5	53
	MT	3254	1	2.0	52
	MT	3266	1	1.0	53
	MT	3271	1	0.5	53
	MT	3278	0	0.5	53
	MT	3295	1	0.5	53
	MT	3301	0	0.5	53
	MT	3304	0	1.0	53
	MT	3309	1	1.0	53
	MT	3311	0	0.5	53
	MT	3317	1	0.5	52
	MT	3318	0	0.5	53
	MT	3320	0	1.0	53
	MT	3321	1	0.5	53
	MT	3324	1	0.5	52
	MT	3328	0	1.0	53
	MT	3330	1	0.5	52
	MT	3333	1	4.0	53
	MT	3339	1	1.0	53
	MT	3344	0	2.5	53
	MT	3348	0	0.5	53
	MT	3361	0	0.5	53
	MT	3374	0	0.5	52
	MT	3387	1	0.5	52
	MT	3388	1	0.5	52
	MT	3392	1	1.0	53
	MT	3394	1	1.0	53
	MT	3402	1	0.5	52
	MT	3424	0	1.0	53
	MT	3431	0	0.5	51
	MT	3431	1	0.5	53
	MT	3436	0	0.5	53
	MT	3438	1	1.0	52
	MT	3446	0	0.5	53
	MT	3449	0	0.5	52
	MT	3452	1	0.5	53
	MT	3460	1	0.5	53
	MT	3463	0	1.0	53
	MT	3485	0	0.5	52
	MT	3486	0	0.5	51
	MT	3486	1	0.5	53
	MT	3487	0	0.5	53
	MT	3488	0	0.5	53
	MT	3495	0	0.5	52
	MT	3500	0	0.5	53
	MT	3505	0	2.0	53
	MT	3518	1	2.5	53
	MT	3519	0	0.5	53
	MT	3536	1	0.5	53
	MT	3546	1	1.0	53
	MT	3548	1	1.0	53
	MT	3555	1	0.5	51
	MT	3562	1	0.5	53
	MT	3563	1	0.5	53
	MT	3564	0	0.5	53
	MT	3567	0	1.5	52
	MT	3572	1	1.0	53
	MT	3574	1	1.0	53
	MT	3582	0	0.5	52
	MT	3597	0	1.0	53
	MT	3603	0	1.0	53
	MT	3622	0	1.0	53
	MT	3627	0	0.5	53
	MT	3634	1	1.0	53
	MT	3636	1	1.0	53
	MT	3638	0	1.0	53
	MT	3639	1	1.5	53
	MT	3647	1	0.5	53
	MT	3651	1	0.5	52
	MT	3652	0	1.0	53
	MT	3665	1	0.5	51
	MT	3669	0	1.0	52
	MT	3672	1	0.5	52
	MT	3678	1	0.5	53
	MT	3688	0	0.5	53
	MT	3692	0	0.5	52
	MT	3706	1	0.5	53
	MT	3708	1	1.5	50
	MT	3712	1	0.5	53
	MT	3718	1	0.5	53
	MT	3733	1	0.5	53
	MT	3751	1	0.5	53
	MT	3754	0	0.5	53
	MT	3769	0	0.5	53
	MT	3773	0	0.5	52
	MT	3778	1	1.0	51
	MT	3786	1	1.0	53
	MT	3789	0	0.5	53
	MT	3790	0	0.5	53
	MT	3793	1	0.5	53
	MT	3798	0	1.0	53
	MT	3806	1	0.5	51
	MT	3813	0	1.0	52
	MT	3819	1	1.0	52
	MT	3820	1	1.0	53
	MT	3824	0	0.5	52
	MT	3828	1	0.5	53
	MT	3840	1	1.0	53
	MT	3855	1	1.0	52
	MT	3861	0	1.0	51
	MT	3862	0	1.0	53
	MT	3871	0	0.5	52
	MT	3877	1	0.5	53
	MT	3878	0	0.5	53
	MT	3879	0	0.5	53
	MT	3893	1	0.5	52
	MT	3894	0	0.5	53
	MT	3898	0	1.0	52
	MT	3907	1	0.5	53
	MT	3908	0	2.0	53
	MT	3913	1	0.5	53
	MT	3935	1	0.5	53
	MT	3950	1	0.5	52
	MT	3951	0	1.0	52
	MT	3965	0	0.5	53
	MT	3968	1	0.5	53
	MT	3991	1	0.5	53
	MT	3994	0	0.5	52
	MT	3995	1	0.5	53
	MT	4002	1	1.0	53
	MT	4017	0	0.5	53
	MT	4024	0	0.5	53
	MT	4032	1	1.0	52
	MT	4041	1	0.5	53
	MT	4050	1	0.5	52
	MT	4051	1	1.0	52
	MT	4087	0	0.5	53
	MT	4094	1	0.5	53
	MT	4099	1	1.0	52
	MT	4110	0	0.5	52
	MT	4132	1	1.0	52
	MT	4135	1	0.5	52
	MT	4137	1	2.0	52
	MT	4139	1	0.5	53
	MT	4156	1	0.5	53
	MT	4194	1	0.5	53
	MT	4219	0	0.5	53
	MT	4231	1	0.5	53
	MT	4244	0	0.5	51
	MT	4256	1	0.5	52
	MT	4265	0	0.5	52
	MT	4292	0	0.5	53
	MT	4296	0	0.5	52
	MT	4316	0	0.5	52
	MT	4345	0	1.0	53
	MT	4357	0	0.5	53
	MT	4367	1	0.5	53
	MT	4383	0	0.5	52
	MT	4389	0	0.5	52
	MT	4393	0	1.0	53
	MT	4394	1	0.5	53
	MT	4397	1	1.0	53
	MT	4418	0	0.5	52
	MT	4421	1	0.5	53
	MT	4453	0	0.5	53
	MT	4454	0	0.5	52
	MT	4504	1	0.5	52
	MT	4507	1	0.5	53
	MT	4520	0	1.0	52
	MT	4521	1	0.5	53
	MT	4539	1	1.0	53
	MT	4554	1	0.5	52
	MT	4555	1	0.5	53
	MT	4571	0	0.5	53
	MT	4580	1	0.5	53
	MT	4613	1	0.5	52
	MT	4633	1	1.0	51
	MT	4643	1	0.5	52
	MT	4644	0	0.5	53
	MT	4651	0	0.5	53
	MT	4672	1	0.5	53
	MT	4709	0	1.0	52
	MT	4719	1	0.5	53
	MT	4730	1	0.5	52
	MT	4763	0	1.0	53
	MT	4788	0	0.5	53
	MT	4789	0	0.5	53
	MT	4797	0	0.5	53
	MT	4806	0	1.0	53
	MT	4845	0	0.5	52
	MT	4855	1	0.5	53
	MT	4861	0	0.5	52
	MT	4879	0	0.5	53
	MT	4879	1	0.5	53
	MT	4887	1	1.0	53
	MT	4897	1	0.5	52
	MT	4906	0	0.5	52
	MT	4930	1	1.0	53
	MT	4954	1	0.5	49
	MT	4981	1	1.0	51
	MT	4986	1	0.5	53
	MT	4987	1	0.5	53
	MT	4988	1	0.5	51
	MT	4989	0	1.0	53
	MT	4997	0	3.0	53
	MT	5014	0	0.5	53
	MT	5039	0	0.5	53
	MT	5044	0	0.5	53
	MT	5089	1	0.5	53
	MT	5127	1	1.0	50
	MT	5154	0	1.0	53
	MT	5177	1	3.0	52
	MT	5189	1	0.5	53
	MT	5194	0	2.5	53
	MT	5201	1	0.5	53
	MT	5203	0	1.0	53
	MT	5210	0	1.5	53
	MT	5223	0	0.5	50
	MT	5241	1	0.5	53
	MT	5254	0	0.5	53
	MT	5274	0	0.5	53
	MT	5276	0	0.5	53
	MT	5283	0	0.5	52
	MT	5292	0	0.5	53
	MT	5305	0	1.5	52
	MT	5312	1	0.5	53
	MT	5343	1	1.0	52
	MT	5349	1	0.5	53
	MT	5369	0	0.5	53
	MT	5378	1	0.5	53
	MT	5407	1	0.5	51
	MT	5415	1	1.0	51
	MT	5429	0	1.0	53
	MT	5433	1	2.5	53
	MT	5434	1	0.5	51
	MT	5439	1	0.5	53
	MT	5462	1	0.5	53
	MT	5471	1	0.5	52
	MT	5472	1	0.5	52
	MT	5516	1	1.5	52
	MT	5540	1	1.5	53
	MT	5644	0	0.5	53
	MT	5645	0	2.0	52
	MT	5650	0	1.5	52
	MT	5704	0	1.0	53
	MT	5707	0	1.0	52
	MT	5715	0	1.5	53
	MT	5729	0	1.5	53
	MT	5742	0	0.5	53
	MT	5756	1	1.5	53
	MT	5763	1	2.0	53
	MT	5764	0	0.5	52
	MT	5781	0	1.0	52
	MT	5829	0	1.5	51
	MT	5830	0	0.5	53
	MT	5839	0	0.5	53
	MT	5839	1	1.0	51
	MT	5852	0	1.0	52
	MT	5856	1	1.5	53
	MT	5858	0	0.5	53
	MT	5859	0	0.5	53
	MT	5870	1	1.5	51
	MT	5871	1	0.5	52
	MT	5882	0	0.5	52
	MT	5882	1	0.5	53
	MT	5885	0	1.0	53
	MT	5896	0	0.5	53
	MT	5897	0	0.5	53
	MT	5898	0	0.5	53
	MT	5911	0	1.0	52
	MT	5916	0	0.5	53
	MT	5920	1	0.5	53
	MT	5925	1	0.5	52
	MT	5933	0	1.0	51
	MT	5946	0	1.0	53
	MT	5947	0	0.5	53
	MT	5965	0	1.0	52
	MT	5987	1	1.0	53
	MT	5991	1	1.0	53
	MT	5992	0	0.5	53
	MT	6002	1	1.0	53
	MT	6008	1	0.5	53
	MT	6012	0	0.5	52
	MT	6023	1	0.5	53
	MT	6028	1	0.5	52
	MT	6032	1	0.5	51
	MT	6033	0	1.5	52
	MT	6035	1	0.5	53
	MT	6037	1	0.5	53
	MT	6049	1	0.5	53
	MT	6051	1	0.5	50
	MT	6054	0	0.5	53
	MT	6054	1	0.5	53
	MT	6057	1	0.5	53
	MT	6064	1	1.5	53
	MT	6073	1	1.0	53
	MT	6074	1	1.0	53
	MT	6079	0	0.5	52
	MT	6089	0	0.5	52
	MT	6112	0	0.5	53
	MT	6117	1	1.0	53
	MT	6118	1	0.5	53
	MT	6127	0	1.0	53
	MT	6148	1	1.0	53
	MT	6165	1	0.5	53
	MT	6169	0	0.5	53
	MT	6172	0	0.5	53
	MT	6180	0	1.0	53
	MT	6181	0	0.5	52
	MT	6200	1	0.5	52
	MT	6216	0	1.0	53
	MT	6221	1	1.0	53
	MT	6228	0	0.5	53
	MT	6228	1	0.5	52
	MT	6233	0	0.5	51
	MT	6254	0	3.5	52
	MT	6254	1	0.5	52
	MT	6256	1	0.5	53
	MT	6264	1	1.5	53
	MT	6276	1	0.5	51
	MT	6283	1	0.5	51
	MT	6300	0	0.5	53
	MT	6304	0	0.5	53
	MT	6304	1	0.5	53
	MT	6334	0	0.5	53
	MT	6341	1	1.0	53
	MT	6359	1	1.0	53
	MT	6404	0	1.5	53
	MT	6421	0	0.5	53
	MT	6426	1	0.5	52
	MT	6429	1	0.5	51
	MT	6434	1	3.5	53
	MT	6440	0	0.5	53
	MT	6441	0	1.0	53
	MT	6445	0	0.5	53
	MT	6445	1	0.5	52
	MT	6453	0	2.0	53
	MT	6455	1	0.5	53
	MT	6471	1	0.5	53
	MT	6481	1	0.5	53
	MT	6498	0	1.0	52
	MT	6518	0	1.0	53
	MT	6545	0	0.5	53
	MT	6556	1	0.5	53
	MT	6563	0	0.5	53
	MT	6568	0	0.5	53
	MT	6579	1	1.0	53
	MT	6590	0	0.5	52
	MT	6608	1	2.5	53
	MT	6624	0	0.5	53
	MT	6627	1	0.5	53
	MT	6635	0	0.5	53
	MT	6644	1	1.5	52
	MT	6650	0	0.5	53
	MT	6663	1	0.5	53
	MT	6672	0	0.5	53
	MT	6691	1	0.5	51
	MT	6707	1	0.5	52
	MT	6712	1	1.0	53
	MT	6713	1	1.0	52
	MT	6718	0	0.5	52
	MT	6768	1	0.5	53
	MT	6778	0	1.5	53
	MT	6779	1	0.5	53
	MT	6796	1	0.5	53
	MT	6808	0	1.0	52
	MT	6826	1	0.5	53
	MT	6877	1	0.5	53
	MT	6909	1	0.5	53
	MT	6938	0	0.5	53
	MT	6948	0	0.5	53
	MT	6966	0	0.5	52
	MT	6966	1	1.5	53
	MT	6969	0	0.5	53
	MT	6989	0	1.0	53
	MT	7005	1	1.0	53
	MT	7025	0	0.5	51
	MT	7027	0	1.0	53
	MT	7031	0	0.5	52
	MT	7056	1	0.5	53
	MT	7065	1	0.5	53
	MT	7068	0	0.5	50
	MT	7070	0	0.5	53
	MT	7074	0	1.0	53
	MT	7080	0	1.0	53
	MT	7103	0	0.5	52
	MT	7103	0	2.5	53
	MT	7112	1	0.5	52
	MT	7118	0	0.5	53
	MT	7120	0	0.5	52
	MT	7122	0	0.5	53
	MT	7126	1	0.5	53
	MT	7133	0	1.0	53
	MT	7136	0	1.0	53
	MT	7148	0	1.0	53
	MT	7153	0	0.5	53
	MT	7177	0	1.0	53
	MT	7179	1	0.5	51
	MT	7190	1	0.5	52
	MT	7199	1	0.5	51
	MT	7206	1	1.0	53
	MT	7216	1	0.5	53
	MT	7218	0	0.5	53
	MT	7222	1	1.0	51
	MT	7238	1	1.0	53
	MT	7244	0	0.5	51
	MT	7255	1	0.5	52
	MT	7259	1	0.5	53
	MT	7262	1	0.5	52
	MT	7274	0	0.5	51
	MT	7281	1	1.0	51
	MT	7293	1	2.0	53
	MT	7294	1	0.5	52
	MT	7300	1	0.5	53
	MT	7309	0	1.0	52
	MT	7317	1	0.5	49
	MT	7332	1	2.5	53
	MT	7349	1	1.0	52
	MT	7376	1	0.5	52
	MT	7380	0	0.5	52
	MT	7392	0	0.5	51
	MT	7400	1	0.5	52
	MT	7404	0	0.5	52
	MT	7415	0	0.5	53
	MT	7419	1	0.5	51
	MT	7420	0	0.5	52
	MT	7420	1	0.5	52
	MT	7422	0	0.5	52
	MT	7425	0	0.5	53
	MT	7436	0	1.0	53
	MT	7451	0	1.0	53
	MT	7464	0	0.5	52
	MT	7469	0	0.5	53
	MT	7475	1	1.0	53
	MT	7476	0	2.0	50
	MT	7486	0	0.5	53
	MT	7488	1	0.5	53
	MT	7515	0	0.5	53
	MT	7526	1	0.5	53
	MT	7528	0	1.0	52
	MT	7529	0	0.5	53
	MT	7529	1	0.5	52
	MT	7539	1	0.5	53
	MT	7540	1	0.5	53
	MT	7554	1	0.5	53
	MT	7555	1	0.5	53
	MT	7558	0	2.0	53
	MT	7576	1	1.0	52
	MT	7589	1	1.0	52
	MT	7591	0	0.5	53
	MT	7607	1	2.0	52
	MT	7609	1	0.5	53
	MT	7623	0	0.5	53
	MT	7628	1	0.5	53
	MT	7633	1	1.0	50
	MT	7652	1	0.5	53
	MT	7658	0	0.5	53
	MT	7660	0	0.5	53
	MT	7677	1	0.5	52
	MT	7681	1	0.5	51
	MT	7688	0	1.0	52
	MT	7689	1	2.0	53
	MT	7706	1	0.5	52
	MT	7733	0	1.0	53
	MT	7739	0	1.0	53
	MT	7791	0	1.0	52
	MT	7795	0	0.5	51
	MT	7797	1	1.0	53
	MT	7807	1	0.5	53
	MT	7834	0	0.5	53
	MT	7840	0	1.5	53
	MT	7853	0	0.5	53
	MT	7866	1	0.5	53
	MT	7869	1	0.5	51
	MT	7875	0	1.5	53
	MT	7894	1	1.0	52
	MT	7903	0	0.5	53
	MT	7914	1	1.0	53
	MT	7928	0	0.5	52
	MT	7944	1	2.0	53
	MT	7958	1	0.5	51
	MT	7960	0	0.5	51
	MT	7966	1	0.5	53
	MT	7971	0	1.0	53
	MT	8003	0	0.5	52
	MT	8007	0	1.0	53
	MT	8010	0	1.5	53
	MT	8022	1	1.0	53
	MT	8041	1	0.5	52
	MT	8069	1	1.5	53
	MT	8073	0	1.5	53
	MT	8082	0	1.0	53
	MT	8095	0	0.5	53
	MT	8099	0	0.5	53
	MT	8100	1	0.5	53
	MT	8110	1	0.5	53
	MT	8140	0	0.5	52
	MT	8149	1	1.0	53
	MT	8160	0	1.0	53
	MT	8168	0	0.5	50
	MT	8181	1	0.5	53
	MT	8193	1	0.5	53
	MT	8204	1	1.0	53
	MT	8209	1	0.5	52
	MT	8217	1	1.0	53
	MT	8230	1	1.5	53
	MT	8239	0	1.0	50
	MT	8239	1	1.0	53
	MT	8256	0	1.0	52
	MT	8273	1	0.5	53
	MT	8276	0	0.5	51
	MT	8277	1	0.5	53
	MT	8291	0	1.0	50
	MT	8297	1	0.5	53
	MT	8326	1	1.0	53
	MT	8364	0	1.0	53
	MT	8397	0	0.5	52
	MT	8397	1	1.0	53
	MT	8414	1	1.0	52
	MT	8416	1	0.5	53
	MT	8423	0	2.0	53
	MT	8429	0	0.5	53
	MT	8439	1	1.0	53
	MT	8451	0	1.0	53
	MT	8453	0	0.5	52
	MT	8518	0	0.5	53
	MT	8529	0	1.0	53
	MT	8537	0	0.5	52
	MT	8554	1	0.5	53
	MT	8557	1	0.5	53
	MT	8560	1	0.5	53
	MT	8561	0	1.0	52
	MT	8561	1	2.0	53
	MT	8562	0	0.5	53
	MT	8563	1	0.5	53
	MT	8573	0	1.0	53
	MT	8579	0	0.5	52
	MT	8590	1	1.0	50
	MT	8594	1	0.5	52
	MT	8605	0	0.5	53
	MT	8620	0	1.0	53
	MT	8641	0	0.5	52
	MT	8641	1	0.5	53
	MT	8656	0	0.5	52
	MT	8661	1	1.0	51
	MT	8675	0	0.5	53
	MT	8687	1	0.5	51
	MT	8700	1	0.5	53
	MT	8703	0	0.5	52
	MT	8721	1	0.5	53
	MT	8735	0	0.5	53
	MT	8735	1	0.5	53
	MT	8741	1	1.0	53
	MT	8742	1	0.5	53
	MT	8747	1	0.5	53
	MT	8776	0	0.5	52
	MT	8799	1	0.5	53
	MT	8801	1	0.5	52
	MT	8811	0	1.0	51
	MT	8811	1	0.5	52
	MT	8814	1	1.0	52
	MT	8852	1	0.5	52
	MT	8855	1	0.5	53
	MT	8876	0	0.5	53
	MT	8889	0	1.5	53
	MT	8892	0	0.5	52
	MT	8900	0	1.0	53
	MT	8903	0	0.5	53
	MT	8911	0	1.5	53
	MT	8914	0	0.5	53
	MT	8943	1	0.5	53
	MT	8955	0	0.5	52
	MT	8966	0	1.0	53
	MT	8968	0	1.0	53
	MT	8970	0	2.0	53
	MT	8975	1	0.5	53
	MT	8990	1	0.5	53
	MT	9019	1	1.0	53
	MT	9023	0	0.5	53
	MT	9026	0	0.5	53
	MT	9029	1	1.5	53
	MT	9067	1	1.0	53
	MT	9074	0	0.5	53
	MT	9081	1	1.0	53
	MT	9084	1	1.5	52
	MT	9085	0	0.5	53
	MT	9088	1	0.5	53
	MT	9093	1	0.5	53
	MT	9101	0	0.5	53
	MT	9101	1	1.0	53
	MT	9109	0	2.5	52
	MT	9136	0	1.5	52
	MT	9141	0	0.5	53
	MT	9165	1	1.0	52
	MT	9189	1	0.5	52
	MT	9197	1	0.5	53
	MT	9200	1	1.0	52
	MT	9202	0	0.5	52
	MT	9205	1	0.5	53
	MT	9227	1	0.5	51
	MT	9237	0	0.5	53
	MT	9250	1	0.5	53
	MT	9257	1	2.5	52
	MT	9269	1	0.5	53
	MT	9278	1	0.5	53
	MT	9279	0	0.5	53
	MT	9333	0	3.5	52
	MT	9334	0	0.5	53
	MT	9350	1	0.5	52
	MT	9364	1	1.5	53
	MT	9366	0	2.5	52
	MT	9372	0	0.5	53
	MT	9375	0	0.5	53
	MT	9389	0	0.5	53
	MT	9393	0	0.5	53
	MT	9396	0	0.5	52
	MT	9401	0	0.5	52
	MT	9403	0	0.5	52
	MT	9440	1	0.5	52
	MT	9443	1	0.5	53
	MT	9450	1	0.5	53
	MT	9465	1	3.5	53
	MT	9470	0	0.5	53
	MT	9472	1	0.5	53
	MT	9475	0	0.5	53
	MT	9481	0	1.0	53
	MT	9485	0	1.0	53
	MT	9486	0	0.5	53
	MT	9488	0	0.5	53
	MT	9496	0	0.5	53
	MT	9496	1	0.5	53
	MT	9523	0	1.0	53
	MT	9526	0	0.5	52
	MT	9528	1	0.5	53
	MT	9540	1	2.5	53
	MT	9544	0	1.5	52
	MT	9547	1	0.5	52
	MT	9548	1	1.5	52
	MT	9550	1	0.5	52
	MT	9553	1	0.5	52
	MT	9579	1	0.5	53
	MT	9593	0	0.5	51
	MT	9596	0	1.0	53
	MT	9601	1	0.5	53
	MT	9602	0	1.5	52
	MT	9623	0	0.5	52
	MT	9624	1	1.0	53
	MT	9634	0	2.0	53
	MT	9635	0	0.5	53
	MT	9649	1	0.5	51
	MT	9657	1	0.5	53
	MT	9660	0	1.5	53
	MT	9667	1	0.5	52
	MT	9674	1	0.5	53
	MT	9689	0	0.5	53
	MT	9694	0	2.0	51
	MT	9696	0	0.5	52
	MT	9699	1	1.0	52
	MT	9710	1	1.0	52
	MT	9735	0	0.5	53
	MT	9752	0	0.5	51
	MT	9756	1	0.5	53
	MT	9760	1	0.5	52
	MT	9761	0	0.5	53
	MT	9786	0	1.0	53
	MT	9793	1	1.0	52
	MT	9795	0	1.0	53
	MT	9799	1	0.5	52
	MT	9805	0	0.5	53
	MT	9811	1	0.5	53
	MT	9815	1	3.5	52
	MT	9826	1	1.5	53
	MT	9847	1	0.5	52
	MT	9851	1	2.0	52
	MT	9863	1	0.5	53
	MT	9884	1	0.5	52
	MT	9907	1	0.5	49
	MT	9916	0	1.0	53
	MT	9917	1	0.5	52
	MT	9933	0	1.5	53
	MT	9955	1	1.0	52
	MT	9984	1	1.0	53
	MT	10025	1	0.5	50
	MT	10044	0	0.5	53
	MT	10053	0	0.5	53
	MT	10070	1	1.5	53
	MT	10079	0	1.5	53
	MT	10081	0	1.0	52
	MT	10094	0	0.5	53
	MT	10103	1	1.0	53
	MT	10107	0	1.0	53
	MT	10127	0	0.5	53
	MT	10142	0	0.5	53
	MT	10148	0	1.0	53
	MT	10153	0	0.5	53
	MT	10158	0	0.5	53
	MT	10161	0	0.5	53
	MT	10192	0	0.5	53
	MT	10193	0	1.0	53
	MT	10203	1	0.5	53
	MT	10219	1	0.5	52
	MT	10222	1	0.5	53
	MT	10230	1	1.0	51
	MT	10232	1	1.0	52
	MT	10234	1	1.0	53
	MT	10239	1	1.0	52
	MT	10244	1	0.5	53
	MT	10250	1	0.5	53
	MT	10259	0	0.5	53
	MT	10264	1	0.5	52
	MT	10295	0	0.5	52
	MT	10310	1	1.5	52
	MT	10311	0	0.5	53
	MT	10376	1	0.5	52
	MT	10387	0	1.0	53
	MT	10393	1	0.5	53
	MT	10395	1	1.0	53
	MT	10400	0	0.5	53
	MT	10442	0	0.5	52
	MT	10471	1	0.5	53
	MT	10510	0	1.0	52
	MT	10513	0	0.5	53
	MT	10518	1	0.5	53
	MT	10536	0	1.0	53
	MT	10550	0	0.5	52
	MT	10573	0	2.0	53
	MT	10577	0	1.0	53
	MT	10597	1	0.5	51
	MT	10599	1	1.0	53
	MT	10600	0	1.5	53
	MT	10602	1	0.5	53
	MT	10606	0	1.0	52
	MT	10613	1	1.0	52
	MT	10658	0	0.5	52
	MT	10659	0	0.5	53
	MT	10664	0	1.0	52
	MT	10668	0	0.5	53
	MT	10669	0	0.5	52
	MT	10688	0	0.5	53
	MT	10694	0	0.5	53
	MT	10697	0	1.5	52
	MT	10710	1	1.0	53
	MT	10723	1	2.0	53
	MT	10731	1	0.5	53
	MT	10733	1	1.5	53
	MT	10736	1	0.5	53
	MT	10738	0	0.5	53
	MT	10751	0	1.5	53
	MT	10752	1	0.5	53
	MT	10755	1	1.0	53
	MT	10756	0	0.5	53
	MT	10762	1	0.5	49
	MT	10780	0	0.5	52
	MT	10805	0	2.0	53
	MT	10831	0	0.5	53
	MT	10836	0	0.5	53
	MT	10851	1	1.5	51
	MT	10859	1	0.5	53
	MT	10862	1	1.0	52
	MT	10872	1	0.5	53
	MT	10884	1	1.5	53
	MT	10900	1	0.5	53
	MT	10912	1	0.5	52
	MT	10924	1	0.5	51
	MT	10925	1	0.5	50
	MT	10941	1	1.5	53
	MT	10950	1	0.5	53
	MT	10961	1	0.5	52
	MT	10973	0	0.5	53
	MT	10980	0	1.5	52
	MT	10995	0	1.0	53
	MT	11016	1	2.0	53
	MT	11067	0	0.5	53
	MT	11073	1	0.5	53
	MT	11082	0	0.5	52
	MT	11117	0	0.5	53
	MT	11119	0	1.5	52
	MT	11126	0	0.5	53
	MT	11152	1	1.5	53
	MT	11162	0	0.5	52
	MT	11164	1	1.0	52
	MT	11167	0	0.5	53
	MT	11216	1	0.5	53
	MT	11218	1	0.5	53
	MT	11226	0	1.5	52
	MT	11251	1	0.5	53
	MT	11270	0	0.5	52
	MT	11285	0	0.5	52
	MT	11301	0	0.5	53
	MT	11301	1	0.5	51
	MT	11302	1	0.5	52
	MT	11308	0	1.5	52
	MT	11315	1	1.5	53
	MT	11345	1	0.5	53
	MT	11373	0	0.5	52
	MT	11393	1	0.5	53
	MT	11394	0	1.0	52
	MT	11398	0	1.0	53
	MT	11407	0	0.5	51
	MT	11408	1	0.5	53
	MT	11435	1	1.5	50
	MT	11444	1	1.5	53
	MT	11457	1	0.5	51
	MT	11480	0	0.5	53
	MT	11483	1	0.5	53
	MT	11493	0	1.0	53
	MT	11510	0	0.5	53
	MT	11518	0	1.0	52
	MT	11537	1	1.0	52
	MT	11567	1	1.0	53
	MT	11570	0	1.0	52
	MT	11577	0	0.5	52
	MT	11581	0	1.0	52
	MT	11586	0	0.5	53
	MT	11587	1	0.5	53
	MT	11590	0	0.5	51
	MT	11600	0	0.5	53
	MT	11623	0	2.5	53
	MT	11630	0	0.5	51
	MT	11644	1	0.5	53
	MT	11658	1	1.0	53
	MT	11667	1	1.0	53
	MT	11676	0	0.5	53
	MT	11677	0	1.0	53
	MT	11689	0	0.5	53
	MT	11692	1	1.0	52
	MT	11705	0	0.5	52
	MT	11711	1	0.5	53
	MT	11724	1	0.5	53
	MT	11737	1	1.0	52
	MT	11757	1	0.5	53
	MT	11760	0	0.5	52
	MT	11761	1	0.5	52
	MT	11781	0	1.0	52
	MT	11782	1	0.5	53
	MT	11784	0	0.5	52
	MT	11788	1	2.5	52
	MT	11789	0	1.0	53
	MT	11794	1	0.5	53
	MT	11814	1	0.5	53
	MT	11831	0	0.5	53
	MT	11847	0	0.5	53
	MT	11850	1	1.0	53
	MT	11853	1	0.5	51
	MT	11862	1	0.5	51
	MT	11875	0	0.5	52
	MT	11910	0	1.0	52
	MT	11921	1	0.5	53
	MT	11931	0	0.5	53
	MT	11933	1	0.5	53
	MT	11934	1	1.0	51
	MT	11959	1	1.0	52
	MT	11968	0	0.5	53
	MT	11968	1	0.5	50
	MT	11979	0	1.0	53
	MT	11983	0	0.5	52
	MT	11989	0	0.5	53
	MT	12004	0	1.0	51
	MT	12014	0	0.5	53
	MT	12019	1	0.5	53
	MT	12026	0	0.5	52
	MT	12046	0	0.5	53
	MT	12048	1	0.5	53
	MT	12064	1	0.5	53
	MT	12072	1	1.0	53
	MT	12075	0	0.5	53
	MT	12085	0	1.5	53
	MT	12135	1	0.5	52
	MT	12171	0	1.0	52
	MT	12181	1	1.0	52
	MT	12186	1	0.5	50
	MT	12192	0	0.5	53
	MT	12195	1	0.5	52
	MT	12197	1	0.5	52
	MT	12207	1	0.5	53
	MT	12209	1	0.5	53
	MT	12214	0	1.5	52
	MT	12220	1	1.0	53
	MT	12233	1	1.5	53
	MT	12236	1	0.5	53
	MT	12266	0	0.5	53
	MT	12279	0	0.5	52
	MT	12288	1	0.5	53
	MT	12291	0	1.5	52
	MT	12297	0	0.5	52
	MT	12322	1	1.0	52
	MT	12323	0	1.0	53
	MT	12339	0	0.5	52
	MT	12340	0	1.0	53
	MT	12345	1	1.0	53
	MT	12349	1	0.5	52
	MT	12359	0	0.5	53
	MT	12360	0	0.5	53
	MT	12364	0	2.5	52
	MT	12372	0	0.5	52
	MT	12378	1	0.5	53
	MT	12383	0	0.5	53
	MT	12387	0	1.0	53
	MT	12393	0	0.5	52
	MT	12394	1	0.5	53
	MT	12397	0	1.0	53
	MT	12398	0	0.5	53
	MT	12402	0	1.0	53
	MT	12406	0	0.5	53
	MT	12433	0	0.5	53
	MT	12445	0	1.0	53
	MT	12446	0	0.5	53
	MT	12447	1	1.5	52
	MT	12461	1	0.5	53
	MT	12474	0	1.0	53
	MT	12479	1	2.5	52
	MT	12484	1	1.0	53
	MT	12489	0	0.5	51
	MT	12494	1	0.5	53
	MT	12500	1	1.0	52
	MT	12511	0	0.5	53
	MT	12529	1	1.0	50
	MT	12539	0	1.0	53
	MT	12539	1	0.5	53
	MT	12553	1	0.5	53
	MT	12558	1	0.5	52
	MT	12564	0	0.5	53
	MT	12567	1	1.5	53
	MT	12572	1	0.5	53
	MT	12575	1	0.5	49
	MT	12585	1	1.0	53
	MT	12586	1	1.0	53
	MT	12597	0	0.5	53
	MT	12598	1	0.5	53
	MT	12607	1	1.0	53
	MT	12619	0	0.5	53
	MT	12622	0	1.5	52
	MT	12630	0	0.5	53
	MT	12635	1	0.5	53
	MT	12640	0	0.5	52
	MT	12640	1	0.5	51
	MT	12655	0	1.5	53
	MT	12671	1	1.0	52
	MT	12688	0	2.0	52
	MT	12691	0	0.5	52
	MT	12694	1	1.0	53
	MT	12747	1	0.5	49
	MT	12756	0	0.5	53
	MT	12763	1	0.5	53
	MT	12769	0	1.5	53
	MT	12775	0	1.0	53
	MT	12777	0	0.5	52
	MT	12788	1	2.0	53
	MT	12808	1	1.5	53
	MT	12814	1	0.5	53
	MT	12829	0	1.0	53
	MT	12831	1	0.5	53
	MT	12861	0	1.5	53
	MT	12875	0	1.0	53
	MT	12878	1	0.5	53
	MT	12879	0	1.0	53
	MT	12882	0	1.5	53
	MT	12884	1	2.0	53
	MT	12899	1	0.5	53
	MT	12906	1	0.5	52
	MT	12910	0	1.0	51
	MT	12932	0	0.5	53
	MT	12941	0	0.5	52
	MT	12943	0	0.5	53
	MT	12962	1	0.5	53
	MT	12969	1	0.5	53
	MT	12980	0	1.5	52
	MT	12981	1	1.0	53
	MT	12992	0	2.5	53
	MT	12995	0	0.5	52
	MT	12998	0	0.5	52
	MT	13002	0	0.5	53
	MT	13004	0	0.5	53
	MT	13011	1	0.5	53
	MT	13021	1	1.5	53
	MT	13027	1	1.0	53
	MT	13029	1	1.5	52
	MT	13030	0	1.0	53
	MT	13054	1	1.0	53
	MT	13055	1	0.5	53
	MT	13067	1	1.0	52
	MT	13069	0	1.5	53
	MT	13070	1	0.5	53
	MT	13071	1	0.5	53
	MT	13076	1	0.5	53
	MT	13093	0	0.5	51
	MT	13096	0	0.5	53
	MT	13096	1	1.0	53
	MT	13100	0	0.5	52
	MT	13102	1	2.5	53
	MT	13105	0	1.5	52
	MT	13106	1	0.5	53
	MT	13110	1	1.5	53
	MT	13121	1	0.5	53
	MT	13122	0	2.0	53
	MT	13126	1	0.5	53
	MT	13136	0	0.5	53
	MT	13143	0	0.5	53
	MT	13160	0	1.0	53
	MT	13164	0	0.5	52
	MT	13197	0	1.0	53
	MT	13198	1	1.0	53
	MT	13228	1	0.5	53
	MT	13234	1	0.5	52
	MT	13243	0	1.5	52
	MT	13243	1	0.5	50
	MT	13264	0	0.5	53
	MT	13275	0	0.5	52
	MT	13284	1	1.5	53
	MT	13288	1	1.0	53
	MT	13296	1	1.5	53
	MT	13299	0	0.5	53
	MT	13301	0	1.5	52
	MT	13310	0	0.5	53
	MT	13310	1	1.0	53
	MT	13314	1	2.5	53
	MT	13329	0	0.5	52
	MT	13331	0	0.5	53
	MT	13338	1	0.5	52
	MT	13342	1	0.5	53
	MT	13362	0	1.0	51
	MT	13365	0	0.5	51
	MT	13396	1	1.5	53
	MT	13401	1	0.5	52
	MT	13411	1	1.5	53
	MT	13450	1	0.5	53
	MT	13458	0	0.5	52
	MT	13462	0	0.5	50
	MT	13463	1	0.5	53
	MT	13467	0	0.5	52
	MT	13467	1	1.0	53
	MT	13477	0	0.5	53
	MT	13483	0	1.0	52
	MT	13496	0	0.5	52
	MT	13499	0	1.0	53
	MT	13508	1	1.0	53
	MT	13512	0	1.5	53
	MT	13521	0	0.5	53
	MT	13524	1	0.5	53
	MT	13536	0	0.5	53
	MT	13541	0	1.0	52
	MT	13551	1	0.5	53
	MT	13554	0	0.5	52
	MT	13579	0	1.0	53
	MT	13579	1	1.0	53
	MT	13583	1	0.5	53
	MT	13594	0	0.5	53
	MT	13601	0	0.5	53
	MT	13605	0	0.5	52
	MT	13611	0	0.5	52
	MT	13640	1	0.5	51
	MT	13646	1	0.5	53
	MT	13648	1	0.5	53
	MT	13654	0	0.5	53
	MT	13683	1	1.0	53
	MT	13686	1	0.5	53
	MT	13699	0	1.5	53
	MT	13719	1	1.0	53
	MT	13725	1	1.5	53
	MT	13730	0	0.5	53
	MT	13735	1	1.0	53
	MT	13738	1	0.5	53
	MT	13739	1	0.5	51
	MT	13746	0	0.5	53
	MT	13752	1	0.5	53
	MT	13755	1	0.5	53
	MT	13772	0	0.5	52
	MT	13777	1	0.5	53
	MT	13814	0	1.0	52
	MT	13827	0	0.5	53
	MT	13827	1	1.0	53
	MT	13842	0	1.5	53
	MT	13857	0	0.5	52
	MT	13859	0	0.5	52
	MT	13860	1	0.5	52
	MT	13863	0	0.5	53
	MT	13864	0	1.0	53
	MT	13867	0	0.5	53
	MT	13880	1	1.5	51
	MT	13933	1	0.5	53
	MT	13935	0	0.5	53
	MT	13940	1	0.5	52
	MT	13957	0	0.5	53
	MT	13959	0	1.0	51
	MT	13962	1	0.5	52
	MT	13976	1	0.5	53
	MT	13982	1	0.5	53
	MT	13992	0	0.5	53
	MT	14023	1	0.5	53
	MT	14027	0	0.5	52
	MT	14029	1	1.0	53
	MT	14036	1	1.5	51
	MT	14057	1	0.5	52
	MT	14075	1	0.5	53
	MT	14077	1	0.5	52
	MT	14080	1	0.5	53
	MT	14081	1	1.0	53
	MT	14098	1	0.5	53
	MT	14125	1	1.0	53
	MT	14144	0	0.5	52
	MT	14146	0	1.0	53
	MT	14168	1	0.5	53
	MT	14175	0	0.5	53
	MT	14187	0	0.5	53
	MT	14191	0	0.5	51
	MT	14205	0	1.0	52
	MT	14243	0	0.5	52
	MT	14259	0	0.5	53
	MT	14262	1	0.5	53
	MT	14263	0	1.5	53
	MT	14267	0	1.0	53
	MT	14293	0	2.0	53
	MT	14309	1	1.0	53
	MT	14314	1	0.5	53
	MT	14316	1	0.5	52
	MT	14369	0	1.0	53
	MT	14372	1	1.0	53
	MT	14380	1	1.0	53
	MT	14390	1	2.5	53
	MT	14396	0	1.5	53
	MT	14397	0	0.5	52
	MT	14400	0	0.5	52
	MT	14420	1	0.5	53
	MT	14434	0	1.5	52
	MT	14439	0	1.0	53
	MT	14470	1	0.5	53
	MT	14480	1	2.0	53
	MT	14482	0	0.5	53
	MT	14498	0	1.0	53
	MT	14516	0	1.0	53
	MT	14520	0	1.5	52
	MT	14520	1	1.5	52
	MT	14524	0	1.5	52
	MT	14531	0	0.5	53
	MT	14532	0	0.5	53
	MT	14542	1	0.5	53
	MT	14553	0	1.0	52
	MT	14560	0	0.5	51
	MT	14568	0	1.0	53
	MT	14569	1	1.0	53
	MT	14584	0	1.5	52
	MT	14607	1	2.0	53
	MT	14611	1	1.0	53
	MT	14616	1	1.0	53
	MT	14641	0	1.0	52
	MT	14655	1	1.0	53
	MT	14656	0	1.0	52
	MT	14659	0	2.5	52
	MT	14664	0	0.5	53
	MT	14671	0	1.5	53
	MT	14687	1	1.5	52
	MT	14691	0	0.5	52
	MT	14693	1	1.0	53
	MT	14717	1	0.5	53
	MT	14723	0	0.5	53
	MT	14726	1	0.5	52
	MT	14740	0	0.5	53
	MT	14750	1	1.5	53
	MT	14751	0	1.0	53
	MT	14753	0	1.5	52
	MT	14753	1	0.5	53
	MT	14761	0	0.5	52
	MT	14772	0	0.5	53
	MT	14773	1	1.5	53
	MT	14775	1	1.5	52
	MT	14776	1	0.5	53
	MT	14799	1	1.0	53
	MT	14804	1	0.5	53
	MT	14810	0	1.0	53
	MT	14810	1	1.0	53
	MT	14817	0	1.0	53
	MT	14825	1	1.5	53
	MT	14849	0	0.5	53
	MT	14867	0	0.5	50
	MT	14875	1	1.0	53
	MT	14878	0	1.0	53
	MT	14880	1	0.5	52
	MT	14889	0	0.5	52
	MT	14892	1	1.0	53
	MT	14896	1	1.5	52
	MT	14899	1	1.0	53
	MT	14901	0	0.5	53
	MT	14911	0	2.5	53
	MT	14912	0	1.0	53
	MT	14912	1	0.5	53
	MT	14919	0	0.5	53
	MT	14929	0	1.0	52
	MT	14932	0	0.5	53
	MT	14934	0	0.5	53
	MT	14935	1	0.5	53
	MT	14936	1	1.0	53
	MT	14937	0	0.5	53
	MT	14938	0	0.5	53
	MT	14944	0	0.5	53
	MT	14963	1	1.0	51
	MT	14972	1	1.0	53
	MT	14975	0	1.0	53
	MT	14977	1	0.5	53
	MT	14985	0	0.5	53
	MT	14991	1	0.5	52
	MT	15021	0	0.5	53
	MT	15025	1	0.5	53
	MT	15028	1	0.5	53
	MT	15036	1	1.0	53
	MT	15043	1	0.5	52
	MT	15053	1	0.5	52
	MT	15055	1	1.0	53
	MT	15069	0	0.5	52
	MT	15079	1	1.0	50
	MT	15088	0	1.5	53
	MT	15088	1	2.5	53
	MT	15099	1	0.5	53
	MT	15100	0	1.0	51
	MT	15100	1	0.5	53
	MT	15113	0	0.5	53
	MT	15114	0	1.0	53
	MT	15148	1	0.5	52
	MT	15153	1	0.5	51
	MT	15184	1	1.5	52
	MT	15194	0	1.0	53
	MT	15197	0	1.5	52
	MT	15204	0	1.0	52
	MT	15206	1	0.5	53
	MT	15208	1	1.0	53
	MT	15216	0	1.0	53
	MT	15234	0	0.5	53
	MT	15257	0	1.0	53
	MT	15271	1	0.5	53
	MT	15275	1	1.0	53
	MT	15298	1	0.5	53
	MT	15299	0	1.5	52
	MT	15303	0	0.5	53
	MT	15324	0	0.5	52
	MT	15327	0	0.5	53
	MT	15327	1	1.0	53
	MT	15329	0	0.5	53
	MT	15360	1	1.5	53
	MT	15368	0	0.5	53
	MT	15368	1	1.0	53
	MT	15370	1	1.0	53
	MT	15375	0	2.0	52
	MT	15381	1	1.0	51
	MT	15392	0	0.5	53
	MT	15401	1	0.5	53
	MT	15406	0	0.5	53
	MT	15408	0	0.5	53
	MT	15419	1	1.0	53
	MT	15420	0	0.5	52
	MT	15421	0	0.5	52
	MT	15433	1	0.5	53
	MT	15444	1	0.5	53
	MT	15447	1	1.0	53
	MT	15475	1	0.5	52
	MT	15485	1	0.5	53
	MT	15492	0	1.0	53
	MT	15493	0	0.5	53
	MT	15493	1	2.0	52
	MT	15498	0	0.5	53
	MT	15500	1	0.5	51
	MT	15504	1	0.5	51
	MT	15520	1	0.5	53
	MT	15522	0	0.5	53
	MT	15526	0	0.5	53
	MT	15529	0	1.0	52
	MT	15531	0	0.5	52
	MT	15533	0	0.5	53
	MT	15533	1	0.5	51
	MT	15535	0	0.5	53
	MT	15537	0	1.0	53
	MT	15551	0	0.5	52
	MT	15556	1	0.5	53
	MT	15579	0	1.0	52
	MT	15593	1	0.5	52
	MT	15611	0	1.0	53
	MT	15612	0	1.0	53
	MT	15615	0	1.0	53
	MT	15624	0	0.5	53
	MT	15625	1	1.0	52
	MT	15631	0	1.0	53
	MT	15631	1	0.5	53
	MT	15632	0	1.0	52
	MT	15649	1	1.0	52
	MT	15656	0	0.5	51
	MT	15662	0	1.5	53
	MT	15664	1	0.5	53
	MT	15674	0	0.5	53
	MT	15678	1	0.5	51
	MT	15683	0	0.5	53
	MT	15697	0	1.0	53
	MT	15698	0	0.5	53
	MT	15710	0	0.5	53
	MT	15719	1	1.0	53
	MT	15721	1	1.0	53
	MT	15726	1	0.5	52
	MT	15732	1	0.5	53
	MT	15735	1	1.0	53
	MT	15740	1	1.0	53
	MT	15744	1	0.5	53
	MT	15759	1	0.5	53
	MT	15764	1	0.5	53
	MT	15765	1	0.5	52
	MT	15768	1	0.5	51
	MT	15771	0	0.5	53
	MT	15773	1	0.5	52
	MT	15784	1	1.0	53
	MT	15788	1	1.0	53
	MT	15791	0	0.5	53
	MT	15798	0	0.5	53
	MT	15803	1	1.5	53
	MT	15813	1	0.5	53
	MT	15817	1	0.5	53
	MT	15821	1	0.5	53
	MT	15843	1	1.0	53
	MT	15845	0	1.5	51
	MT	15853	0	2.0	53
	MT	15863	1	1.0	53
	MT	15868	0	1.0	53
	MT	15876	0	1.0	53
	MT	15884	0	0.5	52
	MT	15900	1	0.5	53
	MT	15914	0	0.5	52
	MT	15917	0	0.5	53
	MT	15920	0	0.5	53
	MT	15927	0	1.0	52
	MT	15935	0	0.5	53
	MT	15943	0	1.0	51
	MT	15944	0	1.0	53
	MT	15944	1	0.5	52
	MT	15945	0	1.0	53
	MT	15948	0	0.5	51
	MT	15952	0	0.5	53
	MT	15954	0	1.0	52
	MT	15959	0	0.5	52
	MT	15961	0	1.0	52
	MT	15962	1	0.5	53
	MT	15970	0	2.5	53
	MT	15972	1	0.5	53
	MT	15974	0	0.5	53
	MT	15975	0	1.5	53
	MT	15977	0	0.5	53
	MT	15979	0	0.5	52
	MT	15981	0	0.5	53
	MT	15985	0	1.5	52
	MT	15988	0	0.5	53
	MT	15990	0	3.0	51
	MT	15990	0	0.5	53
	MT	15991	0	3.0	50
	MT	15992	0	0.5	49
	MT	15994	0	1.0	53
	MT	15995	0	1.0	53
	MT	15998	0	0.5	53
	MT	15999	0	0.5	52
	MT	16000	1	0.5	53
	MT	16001	0	2.0	53
	MT	16004	0	0.5	53
	MT	16006	0	0.5	52
	MT	16009	0	0.5	53
	MT	16013	0	0.5	53
	MT	16017	0	1.0	53
	MT	16018	0	1.5	52
	MT	16019	0	1.0	53
	MT	16020	0	0.5	53
	MT	16022	0	1.0	52
	MT	16023	0	1.0	53
	MT	16024	0	0.5	53
	MT	16025	0	1.0	52
	MT	16026	0	3.5	52
	MT	16028	0	1.0	52
	MT	16030	0	1.5	53
	MT	16031	0	2.0	53
	MT	16033	0	2.5	53
	MT	16034	0	0.5	53
	MT	16038	0	2.0	53
	MT	16039	0	1.0	52
	MT	16040	0	1.0	53
	MT	16043	0	1.5	53
	MT	16048	0	0.5	52
	MT	16049	0	1.0	53
	MT	16052	0	0.5	53
	MT	16052	1	1.5	53
	MT	16053	0	0.5	53
	MT	16054	0	3.0	53
	MT	16055	0	1.0	53
	MT	16056	0	1.5	53
	MT	16056	1	1.0	51
	MT	16059	0	1.5	53
	MT	16061	0	2.5	52
	MT	16062	0	1.5	53
	MT	16069	0	1.0	53
	MT	16072	0	2.0	53
	MT	16073	0	2.5	53
	MT	16074	0	0.5	53
	MT	16075	0	2.5	52
	MT	16076	0	2.0	53
	MT	16076	1	0.5	52
	MT	16077	0	1.5	53
	MT	16078	0	0.5	53
	MT	16078	1	0.5	51
	MT	16079	0	6.5	53
	MT	16080	0	1.0	52
	MT	16081	0	3.5	53
	MT	16082	0	1.0	53
	MT	16084	0	1.0	53
	MT	16085	0	0.5	52
	MT	16086	0	0.5	52
	MT	16087	0	3.0	52
	MT	16087	1	1.5	53
	MT	16089	0	0.5	52
	MT	16090	0	0.5	53
	MT	16091	0	0.5	53
	MT	16092	0	5.5	53
	MT	16093	0	0.5	53
	MT	16096	0	0.5	53
	MT	16098	1	1.0	52
	MT	16101	0	1.5	53
	MT	16103	0	2.5	52
	MT	16104	0	0.5	51
	MT	16105	0	1.5	53
	MT	16105	1	2.5	53
	MT	16107	0	5.0	53
	MT	16107	1	0.5	53
	MT	16108	0	1.5	52
	MT	16109	0	2.0	53
	MT	16110	0	4.5	52
	MT	16110	1	1.0	53
	MT	16111	0	0.5	52
	MT	16112	0	1.5	52
	MT	16113	0	3.5	52
	MT	16113	1	1.0	52
	MT	16114	1	1.5	53
	MT	16115	0	2.5	53
	MT	16115	1	1.0	52
	MT	16117	0	0.5	53
	MT	16118	0	0.5	52
	MT	16119	0	0.5	52
	MT	16119	1	1.0	51
	MT	16120	1	1.0	52
	MT	16121	1	1.5	53
	MT	16122	0	2.0	53
	MT	16122	1	0.5	53
	MT	16123	0	0.5	52
	MT	16125	1	0.5	53
	MT	16126	1	1.0	53
	MT	16127	1	0.5	52
	MT	16128	0	0.5	52
	MT	16129	0	2.5	52
	MT	16130	0	3.0	52
	MT	16130	1	0.5	53
	MT	16132	0	1.5	53
	MT	16132	1	0.5	53
	MT	16133	0	0.5	53
	MT	16133	1	0.5	53
	MT	16134	0	3.5	53
	MT	16136	0	1.0	53
	MT	16137	1	0.5	51
	MT	16139	0	4.0	53
	MT	16140	0	1.5	53
	MT	16141	1	0.5	53
	MT	16143	0	0.5	53
	MT	16144	0	0.5	53
	MT	16144	1	0.5	52
	MT	16146	1	4.0	52
	MT	16147	0	2.0	53
	MT	16148	0	3.0	52
	MT	16149	0	0.5	53
	MT	16150	0	1.0	52
	MT	16152	1	0.5	53
	MT	16153	0	0.5	53
	MT	16153	1	2.0	52
	MT	16154	0	0.5	52
	MT	16155	1	1.0	53
	MT	16156	0	2.0	51
	MT	16157	1	0.5	52
	MT	16158	0	1.0	52
	MT	16159	0	1.5	53
	MT	16160	0	0.5	52
	MT	16160	1	1.0	53
	MT	16162	0	0.5	53
	MT	16165	1	0.5	53
	MT	16167	0	1.0	52
	MT	16168	0	3.5	52
	MT	16169	0	1.5	53
	MT	16170	0	1.0	53
	MT	16171	0	0.5	53
	MT	16171	1	1.0	53
	MT	16172	0	1.0	53
	MT	16173	0	1.0	53
	MT	16174	1	0.5	53
	MT	16175	0	0.5	52
	MT	16175	1	1.0	52
	MT	16176	0	0.5	53
	MT	16176	1	0.5	52
	MT	16177	1	1.5	53
	MT	16179	0	3.5	53
	MT	16180	1	1.5	53
	MT	16181	0	1.0	52
	MT	16182	0	1.0	53
	MT	16183	0	0.5	52
	MT	16183	1	2.0	52
	MT	16184	0	0.5	53
	MT	16184	1	2.5	53
	MT	16186	0	1.0	53
	MT	16187	1	3.0	53
	MT	16188	0	1.0	52
	MT	16188	1	0.5	52
	MT	16189	0	1.0	52
	MT	16189	1	0.5	53
	MT	16190	0	0.5	53
	MT	16191	1	4.0	53
	MT	16192	0	0.5	53
	MT	16192	1	2.0	52
	MT	16194	0	2.5	52
	MT	16195	0	0.5	52
	MT	16195	1	1.0	52
	MT	16196	1	1.0	52
	MT	16197	1	1.5	53
	MT	16198	0	1.0	53
	MT	16198	1	1.0	53
	MT	16199	0	1.5	53
	MT	16199	1	0.5	53
	MT	16201	0	1.5	52
	MT	16201	1	0.5	53
	MT	16203	1	0.5	51
	MT	16204	1	1.0	52
	MT	16205	0	0.5	53
	MT	16205	1	1.5	53
	MT	16206	0	2.0	52
	MT	16207	0	0.5	53
	MT	16210	1	3.5	53
	MT	16212	0	1.5	53
	MT	16214	1	1.0	53
	MT	16215	0	1.5	53
	MT	16217	1	2.0	53
	MT	16219	0	2.0	53
	MT	16219	1	1.5	53
	MT	16221	1	2.0	53
	MT	16222	0	1.5	53
	MT	16223	1	4.0	53
	MT	16224	1	6.5	52
	MT	16226	1	0.5	53
	MT	16227	0	0.5	53
	MT	16227	1	0.5	53
	MT	16228	0	0.5	52
	MT	16229	0	1.0	52
	MT	16229	1	1.5	53
	MT	16230	1	1.0	52
	MT	16231	1	0.5	53
	MT	16232	0	0.5	52
	MT	16234	0	0.5	53
	MT	16234	1	0.5	53
	MT	16235	1	1.0	53
	MT	16236	1	1.0	53
	MT	16237	1	1.0	53
	MT	16238	1	0.5	53
	MT	16239	1	1.5	53
	MT	16241	1	4.0	52
	MT	16242	0	0.5	53
	MT	16242	1	0.5	53
	MT	16244	1	2.5	53
	MT	16245	0	2.0	53
	MT	16246	1	0.5	53
	MT	16248	1	0.5	53
	MT	16249	1	1.0	51
	MT	16250	0	1.0	52
	MT	16251	1	1.0	52
	MT	16254	1	1.0	53
	MT	16256	0	1.0	53
	MT	16257	1	1.5	53
	MT	16258	0	1.0	51
	MT	16258	1	4.5	53
	MT	16259	0	1.0	53
	MT	16259	1	1.5	53
	MT	16260	1	0.5	53
	MT	16261	0	1.0	53
	MT	16261	1	3.0	52
	MT	16262	0	0.5	52
	MT	16264	1	2.0	53
	MT	16265	1	3.0	53
	MT	16266	1	2.0	53
	MT	16267	1	0.5	53
	MT	16268	0	0.5	53
	MT	16268	1	2.5	53
	MT	16269	1	1.5	52
	MT	16273	1	1.5	53
	MT	16274	0	1.5	52
	MT	16274	1	0.5	51
	MT	16275	1	1.5	52
	MT	16276	1	1.0	52
	MT	16277	1	0.5	53
	MT	16278	1	1.5	53
	MT	16280	1	1.0	51
	MT	16282	1	0.5	53
	MT	16283	0	1.0	52
	MT	16283	1	1.0	52
	MT	16284	0	0.5	51
	MT	16286	0	0.5	52
	MT	16286	1	0.5	53
	MT	16287	1	4.0	53
	MT	16288	0	0.5	52
	MT	16289	0	0.5	53
	MT	16289	1	3.0	53
	MT	16290	0	1.5	53
	MT	16291	1	0.5	53
	MT	16292	1	0.5	53
	MT	16293	1	0.5	53
	MT	16296	1	3.0	53
	MT	16297	0	1.0	52
	MT	16298	0	0.5	52
	MT	16299	0	0.5	52
	MT	16300	1	0.5	51
	MT	16303	1	0.5	53
	MT	16304	1	1.5	53
	MT	16305	0	0.5	53
	MT	16307	1	0.5	53
	MT	16310	1	1.0	53
	MT	16312	0	1.5	53
	MT	16312	1	0.5	53
	MT	16314	0	1.0	53
	MT	16315	1	1.0	52
	MT	16316	0	1.0	53
	MT	16316	1	1.0	53
	MT	16318	0	0.5	53
	MT	16320	1	1.5	53
	MT	16321	1	2.0	53
	MT	16322	1	1.0	51
	MT	16323	1	1.5	52
	MT	16324	1	1.5	53
	MT	16326	0	1.5	53
	MT	16327	1	1.0	53
	MT	16328	1	0.5	52
	MT	16330	0	0.5	53
	MT	16330	1	2.0	53
	MT	16331	0	1.0	52
	MT	16331	1	2.0	53
	MT	16332	1	2.5	53
	MT	16333	1	0.5	53
	MT	16334	1	0.5	53
	MT	16335	0	0.5	52
	MT	16335	1	2.0	53
	MT	16336	0	1.0	51
	MT	16336	1	2.0	53
	MT	16337	0	0.5	53
	MT	16337	1	2.0	53
	MT	16338	0	0.5	53
	MT	16338	1	0.5	53
	MT	16339	0	1.5	53
	MT	16340	1	0.5	52
	MT	16341	0	1.0	53
	MT	16342	1	4.0	53
	MT	16343	1	1.0	51
	MT	16345	1	2.0	53
	MT	16346	0	0.5	53
	MT	16346	1	0.5	53
	MT	16347	0	1.0	52
	MT	16347	1	3.0	53
	MT	16348	0	1.5	53
	MT	16348	1	1.0	51
	MT	16349	0	1.5	53
	MT	16351	1	1.5	53
	MT	16352	0	0.5	53
	MT	16353	1	0.5	53
	MT	16354	0	1.5	53
	MT	16355	0	1.0	53
	MT	16356	1	1.0	52
	MT	16359	1	1.5	53
	MT	16361	0	0.5	53
	MT	16361	1	0.5	53
	MT	16363	1	0.5	52
	MT	16364	1	0.5	53
	MT	16365	0	0.5	52
	MT	16365	1	0.5	53
	MT	16366	0	1.5	53
	MT	16367	0	1.5	53
	MT	16368	0	0.5	52
	MT	16369	0	1.5	52
	MT	16369	1	0.5	53
	MT	16370	1	0.5	53
	MT	16371	0	0.5	52
	MT	16371	1	1.0	53
	MT	16372	1	0.5	53
	MT	16373	0	0.5	53
	MT	16374	0	0.5	53
	MT	16375	1	0.5	52
	MT	16376	1	2.5	52
	MT	16377	1	0.5	52
	MT	16380	0	0.5	52
	MT	16381	1	0.5	53
	MT	16384	0	0.5	51
	MT	16384	1	2.0	53
	MT	16385	0	0.5	53
	MT	16386	0	1.0	53
	MT	16388	0	1.5	53
	MT	16388	1	0.5	53
	MT	16390	0	0.5	53
	MT	16390	1	0.5	53
	MT	16392	0	0.5	53
	MT	16392	1	1.0	53
	MT	16393	0	0.5	53
	MT	16393	1	1.0	52
	MT	16394	0	2.0	53
	MT	16394	1	0.5	52
	MT	16395	0	3.0	53
	MT	16395	1	0.5	53
	MT	16399	1	0.5	52
	MT	16403	0	1.0	53
	MT	16403	1	2.5	53
	MT	16404	1	1.5	52
	MT	16405	0	0.5	53
	MT	16407	1	1.0	51
	MT	16408	1	1.0	52
	MT	16409	1	1.0	50
	MT	16412	1	1.5	53
	MT	16414	1	0.5	52
	MT	16416	1	0.5	53
	MT	16417	1	1.0	53
	MT	16418	1	0.5	53
	MT	16420	1	0.5	52
	MT	16422	1	0.5	53
	MT	16423	1	1.0	53
	MT	16425	1	1.0	53
	MT	16431	0	1.0	51
	MT	16432	1	0.5	51
	MT	16437	1	1.0	53
	MT	16438	1	0.5	52
	MT	16440	1	1.0	53
	MT	16443	0	0.5	53
	MT	16447	0	0.5	52
	MT	16451	1	0.5	53
	MT	16452	1	0.5	53
	MT	16453	1	0.5	53
	MT	16456	1	0.5	53
	MT	16463	1	2.0	53
	MT	16466	1	0.5	53
	MT	16468	1	1.0	53
	MT	16469	1	1.5	53
	MT	16474	1	0.5	52
	MT	16477	1	0.5	53
	MT	16478	1	1.0	53
	MT	16480	1	2.0	53
	MT	16485	1	0.5	53
	MT	16487	1	0.5	53
	MT	16488	1	1.0	53
	MT	16489	1	0.5	52
	MT	16490	1	1.0	53
	MT	16492	1	0.5	52
	MT	16493	1	1.0	53
	MT	16495	1	1.0	50
	MT	16497	1	0.5	52
	MT	16499	1	0.5	51
	MT	16505	1	0.5	53
	MT	16506	1	0.5	53
	MT	16507	1	1.0	53
	MT	16508	1	1.0	53
	MT	16510	1	0.5	53
	MT	16512	1	2.0	53
	MT	16518	1	0.5	53
	MT	16520	1	1.5	52
	MT	16521	1	1.0	52
	MT	16522	1	1.0	53
	MT	16526	1	0.5	53
	MT	16527	1	1.5	52
	MT	16532	1	1.5	53
	MT	16537	1	1.5	53
	MT	16538	1	1.5	53
	MT	16541	1	1.5	52
	MT	16542	1	1.0	53
	MT	16547	1	0.5	53
	MT	16551	1	0.5	49
	MT	16557	1	0.5	52
	MT	16561	1	0.5	52
	MT	16562	1	0.5	53
	MT	16563	1	2.5	51
	MT	16564	1	2.0	52
	MT	16565	1	1.5	52
	MT	16566	1	0.5	53
	MT	16567	1	0.5	53
	MT	16568	1	3.5	53
	MT	16569	1	0.5	53
